Class,count,mean,std,min,25%,50%,75%,max
0,284315.0,88.29102242231328,250.10509222589243,0.0,5.65,22.0,77.05,25691.16
1,492.0,122.21132113821139,256.6832882977121,0.0,1.0,9.25,105.89,2125.87
