Class,Count,Percentage
0,284315,99.82725143693798
1,492,0.1727485630620034
